PRAGMA foreign_keys=OFF;
BEGIN TRANSACTION;
CREATE TABLE IF NOT EXISTS "django_migrations" ("id" integer NOT NULL PRIMARY KEY AUTOINCREMENT, "app" varchar(255) NOT NULL, "name" varchar(255) NOT NULL, "applied" datetime NOT NULL);
INSERT INTO django_migrations VALUES(1,'contenttypes','0001_initial','2024-10-26 17:30:11.012541');
INSERT INTO django_migrations VALUES(2,'auth','0001_initial','2024-10-26 17:30:11.027780');
INSERT INTO django_migrations VALUES(3,'admin','0001_initial','2024-10-26 17:30:11.037951');
INSERT INTO django_migrations VALUES(4,'admin','0002_logentry_remove_auto_add','2024-10-26 17:30:11.063707');
INSERT INTO django_migrations VALUES(5,'admin','0003_logentry_add_action_flag_choices','2024-10-26 17:30:11.070716');
INSERT INTO django_migrations VALUES(6,'admin_app','0001_initial','2024-10-26 17:30:11.081660');
INSERT INTO django_migrations VALUES(7,'contenttypes','0002_remove_content_type_name','2024-10-26 17:30:11.095855');
INSERT INTO django_migrations VALUES(8,'auth','0002_alter_permission_name_max_length','2024-10-26 17:30:11.106093');
INSERT INTO django_migrations VALUES(9,'auth','0003_alter_user_email_max_length','2024-10-26 17:30:11.115200');
INSERT INTO django_migrations VALUES(10,'auth','0004_alter_user_username_opts','2024-10-26 17:30:11.123812');
INSERT INTO django_migrations VALUES(11,'auth','0005_alter_user_last_login_null','2024-10-26 17:30:11.132057');
INSERT INTO django_migrations VALUES(12,'auth','0006_require_contenttypes_0002','2024-10-26 17:30:11.134726');
INSERT INTO django_migrations VALUES(13,'auth','0007_alter_validators_add_error_messages','2024-10-26 17:30:11.141357');
INSERT INTO django_migrations VALUES(14,'auth','0008_alter_user_username_max_length','2024-10-26 17:30:11.150431');
INSERT INTO django_migrations VALUES(15,'auth','0009_alter_user_last_name_max_length','2024-10-26 17:30:11.159173');
INSERT INTO django_migrations VALUES(16,'auth','0010_alter_group_name_max_length','2024-10-26 17:30:11.167890');
INSERT INTO django_migrations VALUES(17,'auth','0011_update_proxy_permissions','2024-10-26 17:30:11.174721');
INSERT INTO django_migrations VALUES(18,'auth','0012_alter_user_first_name_max_length','2024-10-26 17:30:11.184876');
INSERT INTO django_migrations VALUES(19,'sessions','0001_initial','2024-10-26 17:30:11.191175');
INSERT INTO django_migrations VALUES(20,'admin_app','0002_equipmentgroup_equipmenttest_equipment_staff_and_more','2024-10-27 09:48:59.461474');
INSERT INTO django_migrations VALUES(21,'admin_app','0003_alter_staffrole_table','2024-10-27 09:50:39.584186');
CREATE TABLE IF NOT EXISTS "auth_group_permissions" ("id" integer NOT NULL PRIMARY KEY AUTOINCREMENT, "group_id" integer NOT NULL REFERENCES "auth_group" ("id") DEFERRABLE INITIALLY DEFERRED, "permission_id" integer NOT NULL REFERENCES "auth_permission" ("id") DEFERRABLE INITIALLY DEFERRED);
CREATE TABLE IF NOT EXISTS "auth_user_groups" ("id" integer NOT NULL PRIMARY KEY AUTOINCREMENT, "user_id" integer NOT NULL REFERENCES "auth_user" ("id") DEFERRABLE INITIALLY DEFERRED, "group_id" integer NOT NULL REFERENCES "auth_group" ("id") DEFERRABLE INITIALLY DEFERRED);
CREATE TABLE IF NOT EXISTS "auth_user_user_permissions" ("id" integer NOT NULL PRIMARY KEY AUTOINCREMENT, "user_id" integer NOT NULL REFERENCES "auth_user" ("id") DEFERRABLE INITIALLY DEFERRED, "permission_id" integer NOT NULL REFERENCES "auth_permission" ("id") DEFERRABLE INITIALLY DEFERRED);
CREATE TABLE IF NOT EXISTS "django_admin_log" ("id" integer NOT NULL PRIMARY KEY AUTOINCREMENT, "object_id" text NULL, "object_repr" varchar(200) NOT NULL, "action_flag" smallint unsigned NOT NULL CHECK ("action_flag" >= 0), "change_message" text NOT NULL, "content_type_id" integer NULL REFERENCES "django_content_type" ("id") DEFERRABLE INITIALLY DEFERRED, "user_id" integer NOT NULL REFERENCES "auth_user" ("id") DEFERRABLE INITIALLY DEFERRED, "action_time" datetime NOT NULL);
CREATE TABLE IF NOT EXISTS "document_titles" ("id" integer NOT NULL PRIMARY KEY AUTOINCREMENT, "title" varchar(255) NOT NULL);
INSERT INTO document_titles VALUES(1,'4.0 Repair Process');
INSERT INTO document_titles VALUES(2,'4.4 People Processes');
INSERT INTO document_titles VALUES(3,'4.5 Relevant Repair Methods');
INSERT INTO document_titles VALUES(4,'4.6 Equipment and Tools');
INSERT INTO document_titles VALUES(5,'4.7 Parts & Controlled Consumables');
INSERT INTO document_titles VALUES(6,'4.8 Repair Task Control');
INSERT INTO document_titles VALUES(7,'4.9 Use of Subcontractors');
INSERT INTO document_titles VALUES(8,'5.0 Repair Process Management');
INSERT INTO document_titles VALUES(9,'6.0 Claims of Conformity');
INSERT INTO document_titles VALUES(10,'7.0 Customer Complaints');
INSERT INTO document_titles VALUES(11,'Internal Audits and Reports');
CREATE TABLE IF NOT EXISTS "document_clients" ("id" integer NOT NULL PRIMARY KEY AUTOINCREMENT, "uploaded" bool NOT NULL, "upload_date" datetime NULL, "file" varchar(100) NULL, "user_id" integer NOT NULL REFERENCES "auth_user" ("id") DEFERRABLE INITIALLY DEFERRED, "document_id" bigint NOT NULL REFERENCES "document_titles" ("id") DEFERRABLE INITIALLY DEFERRED);
INSERT INTO document_clients VALUES(166,0,NULL,NULL,2,1);
INSERT INTO document_clients VALUES(167,0,NULL,NULL,2,2);
INSERT INTO document_clients VALUES(168,0,NULL,NULL,2,3);
INSERT INTO document_clients VALUES(169,0,NULL,NULL,2,4);
INSERT INTO document_clients VALUES(170,0,NULL,NULL,2,5);
INSERT INTO document_clients VALUES(171,0,NULL,NULL,2,6);
INSERT INTO document_clients VALUES(172,0,NULL,NULL,2,7);
INSERT INTO document_clients VALUES(173,0,NULL,NULL,2,8);
INSERT INTO document_clients VALUES(174,0,NULL,NULL,2,9);
INSERT INTO document_clients VALUES(175,0,NULL,NULL,2,10);
INSERT INTO document_clients VALUES(176,0,NULL,NULL,2,11);
INSERT INTO document_clients VALUES(177,0,NULL,NULL,3,1);
INSERT INTO document_clients VALUES(178,0,NULL,NULL,3,2);
INSERT INTO document_clients VALUES(179,0,NULL,NULL,3,3);
INSERT INTO document_clients VALUES(180,0,NULL,NULL,3,4);
INSERT INTO document_clients VALUES(181,0,NULL,NULL,3,5);
INSERT INTO document_clients VALUES(182,0,NULL,NULL,3,6);
INSERT INTO document_clients VALUES(183,0,NULL,NULL,3,7);
INSERT INTO document_clients VALUES(184,0,NULL,NULL,3,8);
INSERT INTO document_clients VALUES(185,0,NULL,NULL,3,9);
INSERT INTO document_clients VALUES(186,0,NULL,NULL,3,10);
INSERT INTO document_clients VALUES(187,0,NULL,NULL,3,11);
INSERT INTO document_clients VALUES(188,0,NULL,NULL,4,1);
INSERT INTO document_clients VALUES(189,0,NULL,NULL,4,2);
INSERT INTO document_clients VALUES(190,0,NULL,NULL,4,3);
INSERT INTO document_clients VALUES(191,0,NULL,NULL,4,4);
INSERT INTO document_clients VALUES(192,0,NULL,NULL,4,5);
INSERT INTO document_clients VALUES(193,0,NULL,NULL,4,6);
INSERT INTO document_clients VALUES(194,0,NULL,NULL,4,7);
INSERT INTO document_clients VALUES(195,0,NULL,NULL,4,8);
INSERT INTO document_clients VALUES(196,0,NULL,NULL,4,9);
INSERT INTO document_clients VALUES(197,0,NULL,NULL,4,10);
INSERT INTO document_clients VALUES(198,0,NULL,NULL,4,11);
CREATE TABLE IF NOT EXISTS "django_content_type" ("id" integer NOT NULL PRIMARY KEY AUTOINCREMENT, "app_label" varchar(100) NOT NULL, "model" varchar(100) NOT NULL);
INSERT INTO django_content_type VALUES(1,'admin','logentry');
INSERT INTO django_content_type VALUES(2,'auth','permission');
INSERT INTO django_content_type VALUES(3,'auth','group');
INSERT INTO django_content_type VALUES(4,'auth','user');
INSERT INTO django_content_type VALUES(5,'contenttypes','contenttype');
INSERT INTO django_content_type VALUES(6,'sessions','session');
INSERT INTO django_content_type VALUES(7,'admin_app','documenttitle');
INSERT INTO django_content_type VALUES(8,'admin_app','documentclient');
INSERT INTO django_content_type VALUES(9,'admin_app','equipmenttest');
INSERT INTO django_content_type VALUES(10,'admin_app','equipmentgroup');
INSERT INTO django_content_type VALUES(11,'admin_app','equipment');
INSERT INTO django_content_type VALUES(12,'admin_app','staff');
INSERT INTO django_content_type VALUES(13,'admin_app','staffrole');
CREATE TABLE IF NOT EXISTS "auth_permission" ("id" integer NOT NULL PRIMARY KEY AUTOINCREMENT, "content_type_id" integer NOT NULL REFERENCES "django_content_type" ("id") DEFERRABLE INITIALLY DEFERRED, "codename" varchar(100) NOT NULL, "name" varchar(255) NOT NULL);
INSERT INTO auth_permission VALUES(1,1,'add_logentry','Can add log entry');
INSERT INTO auth_permission VALUES(2,1,'change_logentry','Can change log entry');
INSERT INTO auth_permission VALUES(3,1,'delete_logentry','Can delete log entry');
INSERT INTO auth_permission VALUES(4,1,'view_logentry','Can view log entry');
INSERT INTO auth_permission VALUES(5,2,'add_permission','Can add permission');
INSERT INTO auth_permission VALUES(6,2,'change_permission','Can change permission');
INSERT INTO auth_permission VALUES(7,2,'delete_permission','Can delete permission');
INSERT INTO auth_permission VALUES(8,2,'view_permission','Can view permission');
INSERT INTO auth_permission VALUES(9,3,'add_group','Can add group');
INSERT INTO auth_permission VALUES(10,3,'change_group','Can change group');
INSERT INTO auth_permission VALUES(11,3,'delete_group','Can delete group');
INSERT INTO auth_permission VALUES(12,3,'view_group','Can view group');
INSERT INTO auth_permission VALUES(13,4,'add_user','Can add user');
INSERT INTO auth_permission VALUES(14,4,'change_user','Can change user');
INSERT INTO auth_permission VALUES(15,4,'delete_user','Can delete user');
INSERT INTO auth_permission VALUES(16,4,'view_user','Can view user');
INSERT INTO auth_permission VALUES(17,5,'add_contenttype','Can add content type');
INSERT INTO auth_permission VALUES(18,5,'change_contenttype','Can change content type');
INSERT INTO auth_permission VALUES(19,5,'delete_contenttype','Can delete content type');
INSERT INTO auth_permission VALUES(20,5,'view_contenttype','Can view content type');
INSERT INTO auth_permission VALUES(21,6,'add_session','Can add session');
INSERT INTO auth_permission VALUES(22,6,'change_session','Can change session');
INSERT INTO auth_permission VALUES(23,6,'delete_session','Can delete session');
INSERT INTO auth_permission VALUES(24,6,'view_session','Can view session');
INSERT INTO auth_permission VALUES(25,7,'add_documenttitle','Can add document title');
INSERT INTO auth_permission VALUES(26,7,'change_documenttitle','Can change document title');
INSERT INTO auth_permission VALUES(27,7,'delete_documenttitle','Can delete document title');
INSERT INTO auth_permission VALUES(28,7,'view_documenttitle','Can view document title');
INSERT INTO auth_permission VALUES(29,8,'add_documentclient','Can add document client');
INSERT INTO auth_permission VALUES(30,8,'change_documentclient','Can change document client');
INSERT INTO auth_permission VALUES(31,8,'delete_documentclient','Can delete document client');
INSERT INTO auth_permission VALUES(32,8,'view_documentclient','Can view document client');
INSERT INTO auth_permission VALUES(33,9,'add_equipmenttest','Can add equipment test');
INSERT INTO auth_permission VALUES(34,9,'change_equipmenttest','Can change equipment test');
INSERT INTO auth_permission VALUES(35,9,'delete_equipmenttest','Can delete equipment test');
INSERT INTO auth_permission VALUES(36,9,'view_equipmenttest','Can view equipment test');
INSERT INTO auth_permission VALUES(37,10,'add_equipmentgroup','Can add equipment group');
INSERT INTO auth_permission VALUES(38,10,'change_equipmentgroup','Can change equipment group');
INSERT INTO auth_permission VALUES(39,10,'delete_equipmentgroup','Can delete equipment group');
INSERT INTO auth_permission VALUES(40,10,'view_equipmentgroup','Can view equipment group');
INSERT INTO auth_permission VALUES(41,11,'add_equipment','Can add equipment');
INSERT INTO auth_permission VALUES(42,11,'change_equipment','Can change equipment');
INSERT INTO auth_permission VALUES(43,11,'delete_equipment','Can delete equipment');
INSERT INTO auth_permission VALUES(44,11,'view_equipment','Can view equipment');
INSERT INTO auth_permission VALUES(45,12,'add_staff','Can add staff');
INSERT INTO auth_permission VALUES(46,12,'change_staff','Can change staff');
INSERT INTO auth_permission VALUES(47,12,'delete_staff','Can delete staff');
INSERT INTO auth_permission VALUES(48,12,'view_staff','Can view staff');
INSERT INTO auth_permission VALUES(49,13,'add_staffrole','Can add staff role');
INSERT INTO auth_permission VALUES(50,13,'change_staffrole','Can change staff role');
INSERT INTO auth_permission VALUES(51,13,'delete_staffrole','Can delete staff role');
INSERT INTO auth_permission VALUES(52,13,'view_staffrole','Can view staff role');
CREATE TABLE IF NOT EXISTS "auth_group" ("id" integer NOT NULL PRIMARY KEY AUTOINCREMENT, "name" varchar(150) NOT NULL UNIQUE);
CREATE TABLE IF NOT EXISTS "auth_user" ("id" integer NOT NULL PRIMARY KEY AUTOINCREMENT, "password" varchar(128) NOT NULL, "last_login" datetime NULL, "is_superuser" bool NOT NULL, "username" varchar(150) NOT NULL UNIQUE, "last_name" varchar(150) NOT NULL, "email" varchar(254) NOT NULL, "is_staff" bool NOT NULL, "is_active" bool NOT NULL, "date_joined" datetime NOT NULL, "first_name" varchar(150) NOT NULL);
INSERT INTO auth_user VALUES(1,'pbkdf2_sha256$870000$ljSoPNg47pfEPaqMM68nTQ$9dsw6LFNeXiaDu+uUNGZwxdWUE+wuiT5XxTXEUHDf5A=',NULL,1,'admin','','admin@example.com',1,1,'2024-10-27 10:00:01','Admin');
INSERT INTO auth_user VALUES(2,'pbkdf2_sha256$870000$ljSoPNg47pfEPaqMM68nTQ$9dsw6LFNeXiaDu+uUNGZwxdWUE+wuiT5XxTXEUHDf5A=',NULL,0,'test1','Client 1','testclient1@example.com',0,1,'2024-10-27 10:00:01','Test');
INSERT INTO auth_user VALUES(3,'pbkdf2_sha256$870000$ljSoPNg47pfEPaqMM68nTQ$9dsw6LFNeXiaDu+uUNGZwxdWUE+wuiT5XxTXEUHDf5A=',NULL,0,'test2','Client 2','testclient2@example.com',0,1,'2024-10-27 10:00:01','Test');
INSERT INTO auth_user VALUES(4,'pbkdf2_sha256$870000$ljSoPNg47pfEPaqMM68nTQ$9dsw6LFNeXiaDu+uUNGZwxdWUE+wuiT5XxTXEUHDf5A=',NULL,0,'test3','Client 3','testclient3@example.com',0,1,'2024-10-27 10:00:01','Test');
CREATE TABLE IF NOT EXISTS "django_session" ("session_key" varchar(40) NOT NULL PRIMARY KEY, "session_data" text NOT NULL, "expire_date" datetime NOT NULL);
INSERT INTO django_session VALUES('gspr8ud3q4iva8q5rs8lgdwvvu4ua1y9','.eJxVjEEOwiAQRe_C2hAEBqhL9z0DYZhBqoYmpV0Z765NutDtf-_9l4hpW2vcOi9xInERWpx-N0z5wW0HdE_tNss8t3WZUO6KPGiX40z8vB7u30FNvX5rtuwBNFqDZ-syWeaMAwMl4zIkdsWDYqc9aVPCQEVDQOUMBgUQ2Ij3B_mmOBI:1t4kf6:_5n4Nz_2N2K5yiP7xxtArksE4Gvq802pYlT2iB9Vd_w','2024-10-26 18:03:16.884366');
INSERT INTO django_session VALUES('ipw3zrvs7qq0i4chgx5s4b6clg7urcc2','.eJxVjEEOwiAQRe_C2hAEBqhL9z0DYZhBqoYmpV0Z765NutDtf-_9l4hpW2vcOi9xInERWpx-N0z5wW0HdE_tNss8t3WZUO6KPGiX40z8vB7u30FNvX5rtuwBNFqDZ-syWeaMAwMl4zIkdsWDYqc9aVPCQEVDQOUMBgUQ2Ij3B_mmOBI:1t4yyp:ZxdquQSPIJ9jH6bCZa0E_CFkZzDzY8D-Gjsehn8U3G0','2024-10-27 09:20:35.306413');
INSERT INTO django_session VALUES('8mzs9psq2c7gha6ye3eqi5j3bvxwpg97','.eJxVjEEOwiAQRe_C2hAEBqhL9z0DYZhBqoYmpV0Z765NutDtf-_9l4hpW2vcOi9xInERWpx-N0z5wW0HdE_tNss8t3WZUO6KPGiX40z8vB7u30FNvX5rtuwBNFqDZ-syWeaMAwMl4zIkdsWDYqc9aVPCQEVDQOUMBgUQ2Ij3B_mmOBI:1t501N:5J1jcOFiBg6E7EenM8JEI76pA_Nwrpb4szITqbX7QV4','2024-10-27 10:27:17.655204');
CREATE TABLE IF NOT EXISTS "equipment_group" ("id" integer NOT NULL PRIMARY KEY AUTOINCREMENT, "name" varchar(90) NOT NULL);
CREATE TABLE IF NOT EXISTS "admin_app_equipmenttest" ("id" integer NOT NULL PRIMARY KEY AUTOINCREMENT, "calibrate_date" date NOT NULL, "calibrate_freq" integer NOT NULL, "service_date" date NOT NULL, "servcice_freq" integer NOT NULL, "inspection_date" date NOT NULL, "inspection_freq" integer NOT NULL, "test_date" date NOT NULL, "test_freq" integer NOT NULL);
CREATE TABLE IF NOT EXISTS "equipment" ("id" integer NOT NULL PRIMARY KEY AUTOINCREMENT, "name" varchar(255) NOT NULL, "item_number" varchar(90) NOT NULL, "make" varchar(90) NOT NULL, "model" varchar(90) NOT NULL, "serial_number" varchar(90) NOT NULL, "equipment_group_id" bigint NOT NULL REFERENCES "equipment_group" ("id") DEFERRABLE INITIALLY DEFERRED);
CREATE TABLE IF NOT EXISTS "staff" ("id" integer NOT NULL PRIMARY KEY AUTOINCREMENT, "first_name" varchar(90) NOT NULL, "last_name" varchar(90) NOT NULL, "staff_id" varchar(45) NOT NULL, "user_id" integer NOT NULL REFERENCES "auth_user" ("id") DEFERRABLE INITIALLY DEFERRED);
INSERT INTO staff VALUES(31,'Alice','Smith','S002_01',2);
INSERT INTO staff VALUES(32,'Bob','Jones','S002_02',2);
INSERT INTO staff VALUES(33,'Charlie','Brown','S002_03',2);
INSERT INTO staff VALUES(34,'Diana','White','S002_04',2);
INSERT INTO staff VALUES(35,'Evan','Taylor','S002_05',2);
INSERT INTO staff VALUES(36,'Fiona','Clark','S003_01',3);
INSERT INTO staff VALUES(37,'George','Green','S003_02',3);
INSERT INTO staff VALUES(38,'Hannah','Black','S003_03',3);
INSERT INTO staff VALUES(39,'Ian','Miller','S003_04',3);
INSERT INTO staff VALUES(40,'Jill','Adams','S003_05',3);
INSERT INTO staff VALUES(41,'Karen','Nelson','S004_01',4);
INSERT INTO staff VALUES(42,'Leo','Wright','S004_02',4);
INSERT INTO staff VALUES(43,'Megan','Hill','S004_03',4);
INSERT INTO staff VALUES(44,'Nathan','Scott','S004_04',4);
INSERT INTO staff VALUES(45,'Olivia','Brown','S004_05',4);
CREATE TABLE IF NOT EXISTS "staff_role" ("id" integer NOT NULL PRIMARY KEY AUTOINCREMENT, "role_name" varchar(90) NOT NULL, "staff_id" bigint NOT NULL REFERENCES "staff" ("id") DEFERRABLE INITIALLY DEFERRED);
INSERT INTO staff_role VALUES(23,'VDA',1);
INSERT INTO staff_role VALUES(24,'MET',2);
INSERT INTO staff_role VALUES(25,'PNL',2);
INSERT INTO staff_role VALUES(26,'PNT',3);
INSERT INTO staff_role VALUES(27,'VDA',4);
INSERT INTO staff_role VALUES(28,'MET',5);
INSERT INTO staff_role VALUES(29,'PNL',5);
INSERT INTO staff_role VALUES(30,'PNT',6);
INSERT INTO staff_role VALUES(31,'VDA',7);
INSERT INTO staff_role VALUES(32,'MET',8);
INSERT INTO staff_role VALUES(33,'PNL',8);
INSERT INTO staff_role VALUES(34,'PNT',9);
INSERT INTO staff_role VALUES(35,'VDA',10);
INSERT INTO staff_role VALUES(36,'MET',11);
INSERT INTO staff_role VALUES(37,'PNL',11);
INSERT INTO staff_role VALUES(38,'VDA',12);
INSERT INTO staff_role VALUES(39,'MET',13);
INSERT INTO staff_role VALUES(40,'PNL',13);
INSERT INTO staff_role VALUES(41,'PNT',14);
INSERT INTO staff_role VALUES(42,'VDA',15);
INSERT INTO staff_role VALUES(43,'MET',16);
INSERT INTO staff_role VALUES(44,'PNL',16);
DELETE FROM sqlite_sequence;
INSERT INTO sqlite_sequence VALUES('django_migrations',21);
INSERT INTO sqlite_sequence VALUES('django_admin_log',0);
INSERT INTO sqlite_sequence VALUES('django_content_type',13);
INSERT INTO sqlite_sequence VALUES('auth_permission',52);
INSERT INTO sqlite_sequence VALUES('auth_group',0);
INSERT INTO sqlite_sequence VALUES('auth_user',4);
INSERT INTO sqlite_sequence VALUES('document_titles',11);
INSERT INTO sqlite_sequence VALUES('document_clients',198);
INSERT INTO sqlite_sequence VALUES('staff',45);
INSERT INTO sqlite_sequence VALUES('staff_role',44);
CREATE UNIQUE INDEX "auth_group_permissions_group_id_permission_id_0cd325b0_uniq" ON "auth_group_permissions" ("group_id", "permission_id");
CREATE INDEX "auth_group_permissions_group_id_b120cbf9" ON "auth_group_permissions" ("group_id");
CREATE INDEX "auth_group_permissions_permission_id_84c5c92e" ON "auth_group_permissions" ("permission_id");
CREATE UNIQUE INDEX "auth_user_groups_user_id_group_id_94350c0c_uniq" ON "auth_user_groups" ("user_id", "group_id");
CREATE INDEX "auth_user_groups_user_id_6a12ed8b" ON "auth_user_groups" ("user_id");
CREATE INDEX "auth_user_groups_group_id_97559544" ON "auth_user_groups" ("group_id");
CREATE UNIQUE INDEX "auth_user_user_permissions_user_id_permission_id_14a6b632_uniq" ON "auth_user_user_permissions" ("user_id", "permission_id");
CREATE INDEX "auth_user_user_permissions_user_id_a95ead1b" ON "auth_user_user_permissions" ("user_id");
CREATE INDEX "auth_user_user_permissions_permission_id_1fbb5f2c" ON "auth_user_user_permissions" ("permission_id");
CREATE INDEX "django_admin_log_content_type_id_c4bce8eb" ON "django_admin_log" ("content_type_id");
CREATE INDEX "django_admin_log_user_id_c564eba6" ON "django_admin_log" ("user_id");
CREATE INDEX "document_clients_user_id_3589103d" ON "document_clients" ("user_id");
CREATE INDEX "document_clients_document_id_f0ab2088" ON "document_clients" ("document_id");
CREATE UNIQUE INDEX "django_content_type_app_label_model_76bd3d3b_uniq" ON "django_content_type" ("app_label", "model");
CREATE UNIQUE INDEX "auth_permission_content_type_id_codename_01ab375a_uniq" ON "auth_permission" ("content_type_id", "codename");
CREATE INDEX "auth_permission_content_type_id_2f476e4b" ON "auth_permission" ("content_type_id");
CREATE INDEX "django_session_expire_date_a5c62663" ON "django_session" ("expire_date");
CREATE INDEX "equipment_equipment_group_id_6eac971d" ON "equipment" ("equipment_group_id");
CREATE INDEX "staff_user_id_e6242ba6" ON "staff" ("user_id");
CREATE INDEX "admin_app_staffrole_staff_id_a2af15bb" ON "staff_role" ("staff_id");
COMMIT;
