PRAGMA foreign_keys=OFF;
BEGIN TRANSACTION;
CREATE TABLE IF NOT EXISTS "django_migrations" ("id" integer NOT NULL PRIMARY KEY AUTOINCREMENT, "app" varchar(255) NOT NULL, "name" varchar(255) NOT NULL, "applied" datetime NOT NULL);
INSERT INTO django_migrations VALUES(1,'contenttypes','0001_initial','2024-10-30 21:27:28.276139');
INSERT INTO django_migrations VALUES(2,'auth','0001_initial','2024-10-30 21:27:28.308891');
INSERT INTO django_migrations VALUES(3,'admin','0001_initial','2024-10-30 21:27:28.326035');
INSERT INTO django_migrations VALUES(4,'admin','0002_logentry_remove_auto_add','2024-10-30 21:27:28.345879');
INSERT INTO django_migrations VALUES(5,'admin','0003_logentry_add_action_flag_choices','2024-10-30 21:27:28.361670');
INSERT INTO django_migrations VALUES(6,'contenttypes','0002_remove_content_type_name','2024-10-30 21:27:28.387505');
INSERT INTO django_migrations VALUES(7,'auth','0002_alter_permission_name_max_length','2024-10-30 21:27:28.405782');
INSERT INTO django_migrations VALUES(8,'auth','0003_alter_user_email_max_length','2024-10-30 21:27:28.421456');
INSERT INTO django_migrations VALUES(9,'auth','0004_alter_user_username_opts','2024-10-30 21:27:28.435395');
INSERT INTO django_migrations VALUES(10,'auth','0005_alter_user_last_login_null','2024-10-30 21:27:28.450260');
INSERT INTO django_migrations VALUES(11,'auth','0006_require_contenttypes_0002','2024-10-30 21:27:28.454874');
INSERT INTO django_migrations VALUES(12,'auth','0007_alter_validators_add_error_messages','2024-10-30 21:27:28.471588');
INSERT INTO django_migrations VALUES(13,'auth','0008_alter_user_username_max_length','2024-10-30 21:27:28.486664');
INSERT INTO django_migrations VALUES(14,'auth','0009_alter_user_last_name_max_length','2024-10-30 21:27:28.503206');
INSERT INTO django_migrations VALUES(15,'auth','0010_alter_group_name_max_length','2024-10-30 21:27:28.517096');
INSERT INTO django_migrations VALUES(16,'auth','0011_update_proxy_permissions','2024-10-30 21:27:28.530085');
INSERT INTO django_migrations VALUES(17,'auth','0012_alter_user_first_name_max_length','2024-10-30 21:27:28.545710');
INSERT INTO django_migrations VALUES(18,'sessions','0001_initial','2024-10-30 21:27:28.556447');
INSERT INTO django_migrations VALUES(19,'admin_app','0001_initial','2024-10-30 21:27:35.506538');
INSERT INTO django_migrations VALUES(20,'admin_app','0002_userprofile','2024-11-09 13:08:06.704381');
CREATE TABLE IF NOT EXISTS "auth_group_permissions" ("id" integer NOT NULL PRIMARY KEY AUTOINCREMENT, "group_id" integer NOT NULL REFERENCES "auth_group" ("id") DEFERRABLE INITIALLY DEFERRED, "permission_id" integer NOT NULL REFERENCES "auth_permission" ("id") DEFERRABLE INITIALLY DEFERRED);
CREATE TABLE IF NOT EXISTS "auth_user_groups" ("id" integer NOT NULL PRIMARY KEY AUTOINCREMENT, "user_id" integer NOT NULL REFERENCES "auth_user" ("id") DEFERRABLE INITIALLY DEFERRED, "group_id" integer NOT NULL REFERENCES "auth_group" ("id") DEFERRABLE INITIALLY DEFERRED);
CREATE TABLE IF NOT EXISTS "auth_user_user_permissions" ("id" integer NOT NULL PRIMARY KEY AUTOINCREMENT, "user_id" integer NOT NULL REFERENCES "auth_user" ("id") DEFERRABLE INITIALLY DEFERRED, "permission_id" integer NOT NULL REFERENCES "auth_permission" ("id") DEFERRABLE INITIALLY DEFERRED);
CREATE TABLE IF NOT EXISTS "django_admin_log" ("id" integer NOT NULL PRIMARY KEY AUTOINCREMENT, "object_id" text NULL, "object_repr" varchar(200) NOT NULL, "action_flag" smallint unsigned NOT NULL CHECK ("action_flag" >= 0), "change_message" text NOT NULL, "content_type_id" integer NULL REFERENCES "django_content_type" ("id") DEFERRABLE INITIALLY DEFERRED, "user_id" integer NOT NULL REFERENCES "auth_user" ("id") DEFERRABLE INITIALLY DEFERRED, "action_time" datetime NOT NULL);
CREATE TABLE IF NOT EXISTS "django_content_type" ("id" integer NOT NULL PRIMARY KEY AUTOINCREMENT, "app_label" varchar(100) NOT NULL, "model" varchar(100) NOT NULL);
INSERT INTO django_content_type VALUES(1,'admin','logentry');
INSERT INTO django_content_type VALUES(2,'auth','permission');
INSERT INTO django_content_type VALUES(3,'auth','group');
INSERT INTO django_content_type VALUES(4,'auth','user');
INSERT INTO django_content_type VALUES(5,'contenttypes','contenttype');
INSERT INTO django_content_type VALUES(6,'sessions','session');
INSERT INTO django_content_type VALUES(7,'admin_app','staffrole');
INSERT INTO django_content_type VALUES(8,'admin_app','staffqualification');
INSERT INTO django_content_type VALUES(9,'admin_app','qualifications');
INSERT INTO django_content_type VALUES(10,'admin_app','equipmenttest');
INSERT INTO django_content_type VALUES(11,'admin_app','equipmentgroup');
INSERT INTO django_content_type VALUES(12,'admin_app','documentclient');
INSERT INTO django_content_type VALUES(13,'admin_app','equipmentuser');
INSERT INTO django_content_type VALUES(14,'admin_app','documenttitle');
INSERT INTO django_content_type VALUES(15,'admin_app','rolenames');
INSERT INTO django_content_type VALUES(16,'admin_app','equipment');
INSERT INTO django_content_type VALUES(17,'admin_app','staff');
INSERT INTO django_content_type VALUES(18,'admin_app','userprofile');
CREATE TABLE IF NOT EXISTS "auth_permission" ("id" integer NOT NULL PRIMARY KEY AUTOINCREMENT, "content_type_id" integer NOT NULL REFERENCES "django_content_type" ("id") DEFERRABLE INITIALLY DEFERRED, "codename" varchar(100) NOT NULL, "name" varchar(255) NOT NULL);
INSERT INTO auth_permission VALUES(1,1,'add_logentry','Can add log entry');
INSERT INTO auth_permission VALUES(2,1,'change_logentry','Can change log entry');
INSERT INTO auth_permission VALUES(3,1,'delete_logentry','Can delete log entry');
INSERT INTO auth_permission VALUES(4,1,'view_logentry','Can view log entry');
INSERT INTO auth_permission VALUES(5,2,'add_permission','Can add permission');
INSERT INTO auth_permission VALUES(6,2,'change_permission','Can change permission');
INSERT INTO auth_permission VALUES(7,2,'delete_permission','Can delete permission');
INSERT INTO auth_permission VALUES(8,2,'view_permission','Can view permission');
INSERT INTO auth_permission VALUES(9,3,'add_group','Can add group');
INSERT INTO auth_permission VALUES(10,3,'change_group','Can change group');
INSERT INTO auth_permission VALUES(11,3,'delete_group','Can delete group');
INSERT INTO auth_permission VALUES(12,3,'view_group','Can view group');
INSERT INTO auth_permission VALUES(13,4,'add_user','Can add user');
INSERT INTO auth_permission VALUES(14,4,'change_user','Can change user');
INSERT INTO auth_permission VALUES(15,4,'delete_user','Can delete user');
INSERT INTO auth_permission VALUES(16,4,'view_user','Can view user');
INSERT INTO auth_permission VALUES(17,5,'add_contenttype','Can add content type');
INSERT INTO auth_permission VALUES(18,5,'change_contenttype','Can change content type');
INSERT INTO auth_permission VALUES(19,5,'delete_contenttype','Can delete content type');
INSERT INTO auth_permission VALUES(20,5,'view_contenttype','Can view content type');
INSERT INTO auth_permission VALUES(21,6,'add_session','Can add session');
INSERT INTO auth_permission VALUES(22,6,'change_session','Can change session');
INSERT INTO auth_permission VALUES(23,6,'delete_session','Can delete session');
INSERT INTO auth_permission VALUES(24,6,'view_session','Can view session');
INSERT INTO auth_permission VALUES(25,7,'add_staffrole','Can add staff role');
INSERT INTO auth_permission VALUES(26,7,'change_staffrole','Can change staff role');
INSERT INTO auth_permission VALUES(27,7,'delete_staffrole','Can delete staff role');
INSERT INTO auth_permission VALUES(28,7,'view_staffrole','Can view staff role');
INSERT INTO auth_permission VALUES(29,8,'add_staffqualification','Can add staff qualification');
INSERT INTO auth_permission VALUES(30,8,'change_staffqualification','Can change staff qualification');
INSERT INTO auth_permission VALUES(31,8,'delete_staffqualification','Can delete staff qualification');
INSERT INTO auth_permission VALUES(32,8,'view_staffqualification','Can view staff qualification');
INSERT INTO auth_permission VALUES(33,9,'add_qualifications','Can add qualifications');
INSERT INTO auth_permission VALUES(34,9,'change_qualifications','Can change qualifications');
INSERT INTO auth_permission VALUES(35,9,'delete_qualifications','Can delete qualifications');
INSERT INTO auth_permission VALUES(36,9,'view_qualifications','Can view qualifications');
INSERT INTO auth_permission VALUES(37,10,'add_equipmenttest','Can add equipment test');
INSERT INTO auth_permission VALUES(38,10,'change_equipmenttest','Can change equipment test');
INSERT INTO auth_permission VALUES(39,10,'delete_equipmenttest','Can delete equipment test');
INSERT INTO auth_permission VALUES(40,10,'view_equipmenttest','Can view equipment test');
INSERT INTO auth_permission VALUES(41,11,'add_equipmentgroup','Can add equipment group');
INSERT INTO auth_permission VALUES(42,11,'change_equipmentgroup','Can change equipment group');
INSERT INTO auth_permission VALUES(43,11,'delete_equipmentgroup','Can delete equipment group');
INSERT INTO auth_permission VALUES(44,11,'view_equipmentgroup','Can view equipment group');
INSERT INTO auth_permission VALUES(45,12,'add_documentclient','Can add document client');
INSERT INTO auth_permission VALUES(46,12,'change_documentclient','Can change document client');
INSERT INTO auth_permission VALUES(47,12,'delete_documentclient','Can delete document client');
INSERT INTO auth_permission VALUES(48,12,'view_documentclient','Can view document client');
INSERT INTO auth_permission VALUES(49,13,'add_equipmentuser','Can add equipment user');
INSERT INTO auth_permission VALUES(50,13,'change_equipmentuser','Can change equipment user');
INSERT INTO auth_permission VALUES(51,13,'delete_equipmentuser','Can delete equipment user');
INSERT INTO auth_permission VALUES(52,13,'view_equipmentuser','Can view equipment user');
INSERT INTO auth_permission VALUES(53,14,'add_documenttitle','Can add document title');
INSERT INTO auth_permission VALUES(54,14,'change_documenttitle','Can change document title');
INSERT INTO auth_permission VALUES(55,14,'delete_documenttitle','Can delete document title');
INSERT INTO auth_permission VALUES(56,14,'view_documenttitle','Can view document title');
INSERT INTO auth_permission VALUES(57,15,'add_rolenames','Can add role names');
INSERT INTO auth_permission VALUES(58,15,'change_rolenames','Can change role names');
INSERT INTO auth_permission VALUES(59,15,'delete_rolenames','Can delete role names');
INSERT INTO auth_permission VALUES(60,15,'view_rolenames','Can view role names');
INSERT INTO auth_permission VALUES(61,16,'add_equipment','Can add equipment');
INSERT INTO auth_permission VALUES(62,16,'change_equipment','Can change equipment');
INSERT INTO auth_permission VALUES(63,16,'delete_equipment','Can delete equipment');
INSERT INTO auth_permission VALUES(64,16,'view_equipment','Can view equipment');
INSERT INTO auth_permission VALUES(65,17,'add_staff','Can add staff');
INSERT INTO auth_permission VALUES(66,17,'change_staff','Can change staff');
INSERT INTO auth_permission VALUES(67,17,'delete_staff','Can delete staff');
INSERT INTO auth_permission VALUES(68,17,'view_staff','Can view staff');
INSERT INTO auth_permission VALUES(69,18,'add_userprofile','Can add user profile');
INSERT INTO auth_permission VALUES(70,18,'change_userprofile','Can change user profile');
INSERT INTO auth_permission VALUES(71,18,'delete_userprofile','Can delete user profile');
INSERT INTO auth_permission VALUES(72,18,'view_userprofile','Can view user profile');
CREATE TABLE IF NOT EXISTS "auth_group" ("id" integer NOT NULL PRIMARY KEY AUTOINCREMENT, "name" varchar(150) NOT NULL UNIQUE);
CREATE TABLE IF NOT EXISTS "auth_user" ("id" integer NOT NULL PRIMARY KEY AUTOINCREMENT, "password" varchar(128) NOT NULL, "last_login" datetime NULL, "is_superuser" bool NOT NULL, "username" varchar(150) NOT NULL UNIQUE, "last_name" varchar(150) NOT NULL, "email" varchar(254) NOT NULL, "is_staff" bool NOT NULL, "is_active" bool NOT NULL, "date_joined" datetime NOT NULL, "first_name" varchar(150) NOT NULL);
INSERT INTO auth_user VALUES(1,'pbkdf2_sha256$870000$ljSoPNg47pfEPaqMM68nTQ$9dsw6LFNeXiaDu+uUNGZwxdWUE+wuiT5XxTXEUHDf5A=','2024-11-11 20:47:07.003687',1,'admin','','admin@example.com',1,1,'2024-11-11 19:47:47','Admin');
INSERT INTO auth_user VALUES(2,'pbkdf2_sha256$870000$BdbcoXqIl4v6JZlRRI2gPc$OfNUQjrjmMin1gXSl2bo/vDLvvFivLxaEKTjwGeDgt8=',NULL,0,'test1','Client','test@test.com',0,1,'2024-11-11 19:53:21.951679','Test');
CREATE TABLE IF NOT EXISTS "django_session" ("session_key" varchar(40) NOT NULL PRIMARY KEY, "session_data" text NOT NULL, "expire_date" datetime NOT NULL);
INSERT INTO django_session VALUES('0k028br48fbzd7qqlo8d5lavlhhjz5h5','.eJxVjEEOwiAQRe_C2hCmVKa4dO8ZyDADUjU0Ke3KeHfbpAvd_vfef6tA61LC2tIcRlEXBer0u0XiZ6o7kAfV-6R5qss8Rr0r-qBN3yZJr-vh_h0UamWr0SYEIOMdQgQE0w1ncZT7aJ0fOBELW0SHZmPMmXqLncsxUs5iPKjPF8coN8k:1t6GES:d0b9hAkuieBrc3YEZVq1Chnz-anG-aAcpl61L6du_z0','2024-10-30 21:58:00.710556');
INSERT INTO django_session VALUES('1iohp7usauup9rn1x6isnd2xmzrhx8bf','.eJxVjEEOwiAQRe_C2hCmVKa4dO8ZyDADUjU0Ke3KeHfbpAvd_vfef6tA61LC2tIcRlEXBer0u0XiZ6o7kAfV-6R5qss8Rr0r-qBN3yZJr-vh_h0UamWr0SYEIOMdQgQE0w1ncZT7aJ0fOBELW0SHZmPMmXqLncsxUs5iPKjPF8coN8k:1t6QfZ:VD2jq1skyh8hlrtaWVFHCH23EtjgBhi5Ec-EfyzxWhc','2024-10-31 09:06:41.567346');
INSERT INTO django_session VALUES('f2wkvyminfgy7eepo97i8ybke0vm00sk','.eJxVjEEOwiAQRe_C2hCmVKa4dO8ZyDADUjU0Ke3KeHfbpAvd_vfef6tA61LC2tIcRlEXBer0u0XiZ6o7kAfV-6R5qss8Rr0r-qBN3yZJr-vh_h0UamWr0SYEIOMdQgQE0w1ncZT7aJ0fOBELW0SHZmPMmXqLncsxUs5iPKjPF8coN8k:1t8ERO:b3iucUGKCOmXLIqxIHwwPHWqCf_7sl-3oACd6SCRFfQ','2024-11-05 08:27:30.759591');
INSERT INTO django_session VALUES('u3vmvayskwqs1vnopx4cnaw0motwo5qp','.eJxVjEEOwiAQRe_C2hCmVKa4dO8ZyDADUjU0Ke3KeHfbpAvd_vfef6tA61LC2tIcRlEXBer0u0XiZ6o7kAfV-6R5qss8Rr0r-qBN3yZJr-vh_h0UamWr0SYEIOMdQgQE0w1ncZT7aJ0fOBELW0SHZmPMmXqLncsxUs5iPKjPF8coN8k:1t8ESV:Db5oZigCCCzqtlHBdTb9MW9Ce8_xVznty9m-r6XSFa0','2024-11-05 08:28:39.547941');
INSERT INTO django_session VALUES('4dscydjuphgmhtdf80jvmaylzuvw966a','.eJxVjEEOwiAQRe_C2hCmVKa4dO8ZyDADUjU0Ke3KeHfbpAvd_vfef6tA61LC2tIcRlEXBer0u0XiZ6o7kAfV-6R5qss8Rr0r-qBN3yZJr-vh_h0UamWr0SYEIOMdQgQE0w1ncZT7aJ0fOBELW0SHZmPMmXqLncsxUs5iPKjPF8coN8k:1t8lqh:0JmrLi1pY28KAl-h95KoNExinLC-6VzgJOo3J9MFzPM','2024-11-06 20:07:51.517562');
INSERT INTO django_session VALUES('1j0qgwlukdlb3ohmadox8qgmlwv19afh','.eJxVjEEOwiAQRe_C2hCmVKa4dO8ZyDADUjU0Ke3KeHfbpAvd_vfef6tA61LC2tIcRlEXBer0u0XiZ6o7kAfV-6R5qss8Rr0r-qBN3yZJr-vh_h0UamWr0SYEIOMdQgQE0w1ncZT7aJ0fOBELW0SHZmPMmXqLncsxUs5iPKjPF8coN8k:1t8wzx:efOWFrJ5jnJazXDfM7kmN4qUYQL7tyQfofkWjYS5J3U','2024-11-07 08:02:09.830732');
INSERT INTO django_session VALUES('wj0k36v041jgjvx368lcvwytiejmck5m','.eJxVjEEOwiAQRe_C2hCmVKa4dO8ZyDADUjU0Ke3KeHfbpAvd_vfef6tA61LC2tIcRlEXBer0u0XiZ6o7kAfV-6R5qss8Rr0r-qBN3yZJr-vh_h0UamWr0SYEIOMdQgQE0w1ncZT7aJ0fOBELW0SHZmPMmXqLncsxUs5iPKjPF8coN8k:1t9Jme:Cjg5A70sfqfHSUGd2RofkxQvo5q1AkW0CoUIu7x1vlg','2024-11-08 08:21:56.882772');
INSERT INTO django_session VALUES('bso0rb8gxe34qca4wqavm16ws80l0swu','.eJxVjEEOwiAQRe_C2hCmVKa4dO8ZyDADUjU0Ke3KeHfbpAvd_vfef6tA61LC2tIcRlEXBer0u0XiZ6o7kAfV-6R5qss8Rr0r-qBN3yZJr-vh_h0UamWr0SYEIOMdQgQE0w1ncZT7aJ0fOBELW0SHZmPMmXqLncsxUs5iPKjPF8coN8k:1t9Kcy:mjXLtmSQL7XfPMDElOP_hQwGgViePkml1WVR0XhH_qc','2024-11-08 09:16:00.867804');
INSERT INTO django_session VALUES('1lyuk0i4tcj5jf6a2shl5cfnh44oysrt','.eJxVjEEOwiAQRe_C2hCmVKa4dO8ZyDADUjU0Ke3KeHfbpAvd_vfef6tA61LC2tIcRlEXBer0u0XiZ6o7kAfV-6R5qss8Rr0r-qBN3yZJr-vh_h0UamWr0SYEIOMdQgQE0w1ncZT7aJ0fOBELW0SHZmPMmXqLncsxUs5iPKjPF8coN8k:1t9L6A:esP5rusGxIO_E37kB3d_BvfxjUMFtl0g5EgUyBKpizQ','2024-11-08 09:46:10.404046');
INSERT INTO django_session VALUES('ophjlfesjxhnejnplmxl1wpr5t6a1o33','.eJxVjEEOwiAQRe_C2hCmVKa4dO8ZyDADUjU0Ke3KeHfbpAvd_vfef6tA61LC2tIcRlEXBer0u0XiZ6o7kAfV-6R5qss8Rr0r-qBN3yZJr-vh_h0UamWr0SYEIOMdQgQE0w1ncZT7aJ0fOBELW0SHZmPMmXqLncsxUs5iPKjPF8coN8k:1t9hHu:aAsK78HdGAbK-RSdUuEWuShqjOJrPsOLBQMqsQicODc','2024-11-09 09:27:46.835413');
INSERT INTO django_session VALUES('u8hcx1x6x9f1mcl4mk7pexpp60i429mi','.eJxVjEEOwiAQRe_C2hCmVKa4dO8ZyDADUjU0Ke3KeHfbpAvd_vfef6tA61LC2tIcRlEXBer0u0XiZ6o7kAfV-6R5qss8Rr0r-qBN3yZJr-vh_h0UamWr0SYEIOMdQgQE0w1ncZT7aJ0fOBELW0SHZmPMmXqLncsxUs5iPKjPF8coN8k:1t9jGj:TOgxzOqIMwJq1KzxziEEappeyfXJQXDF-IyN2FTiHHY','2024-11-09 11:34:41.450448');
INSERT INTO django_session VALUES('zk24x8c305mxtrhphnmi6up0pndc74np','.eJxVjEEOwiAQRe_C2hCmVKa4dO8ZyDADUjU0Ke3KeHfbpAvd_vfef6tA61LC2tIcRlEXBer0u0XiZ6o7kAfV-6R5qss8Rr0r-qBN3yZJr-vh_h0UamWr0SYEIOMdQgQE0w1ncZT7aJ0fOBELW0SHZmPMmXqLncsxUs5iPKjPF8coN8k:1t9kRS:yd9ED8Sm1cU4pIiagV96Ag4UjrZou9K4rIjgPns042w','2024-11-09 12:49:50.092366');
INSERT INTO django_session VALUES('j51to8di76nhfs9dx8zgvydtgmr30n8a','.eJxVjEEOwiAQRe_C2hCmVKa4dO8ZyDADUjU0Ke3KeHfbpAvd_vfef6tA61LC2tIcRlEXBer0u0XiZ6o7kAfV-6R5qss8Rr0r-qBN3yZJr-vh_h0UamWr0SYEIOMdQgQE0w1ncZT7aJ0fOBELW0SHZmPMmXqLncsxUs5iPKjPF8coN8k:1t9l9p:uY9UfTWhGDDfPxJ8bFdXGyHQy_jmIbGjruDg4RaB62A','2024-11-09 13:35:41.775265');
INSERT INTO django_session VALUES('0zxx502tc9j405f87b3xje124ozllxw0','.eJxVjEEOwiAQRe_C2hCmVKa4dO8ZyDADUjU0Ke3KeHfbpAvd_vfef6tA61LC2tIcRlEXBer0u0XiZ6o7kAfV-6R5qss8Rr0r-qBN3yZJr-vh_h0UamWr0SYEIOMdQgQE0w1ncZT7aJ0fOBELW0SHZmPMmXqLncsxUs5iPKjPF8coN8k:1t9lr6:fMd7GXbsM30pTNGFj7v-ebOgyjzeIcsPIaBL2E52zdI','2024-11-09 14:20:24.677037');
INSERT INTO django_session VALUES('3nvg92lc9x41cnztmvw7hvl8kkoo9zus','.eJxVjEEOwiAQRe_C2hCmVKa4dO8ZyDADUjU0Ke3KeHfbpAvd_vfef6tA61LC2tIcRlEXBer0u0XiZ6o7kAfV-6R5qss8Rr0r-qBN3yZJr-vh_h0UamWr0SYEIOMdQgQE0w1ncZT7aJ0fOBELW0SHZmPMmXqLncsxUs5iPKjPF8coN8k:1t9msK:urrz6CYV6sAy2rroizjXVGhfOwdwoRav5lrw0e7PYsE','2024-11-09 15:25:44.189678');
INSERT INTO django_session VALUES('r3xzjc7adn4nope0cpmpkonhp04nf68k','.eJxVjEEOwiAQRe_C2hCmVKa4dO8ZyDADUjU0Ke3KeHfbpAvd_vfef6tA61LC2tIcRlEXBer0u0XiZ6o7kAfV-6R5qss8Rr0r-qBN3yZJr-vh_h0UamWr0SYEIOMdQgQE0w1ncZT7aJ0fOBELW0SHZmPMmXqLncsxUs5iPKjPF8coN8k:1tA5t7:0tiBF5hkQ6ZDlwbAQ-E38tayrdjacw5az8a-7VFh_E0','2024-11-10 11:43:49.535691');
INSERT INTO django_session VALUES('fm89aostdxzy6y0lqjm68zp6crx1u7lb','.eJxVjEEOwiAQRe_C2hCmVKa4dO8ZyDADUjU0Ke3KeHfbpAvd_vfef6tA61LC2tIcRlEXBer0u0XiZ6o7kAfV-6R5qss8Rr0r-qBN3yZJr-vh_h0UamWr0SYEIOMdQgQE0w1ncZT7aJ0fOBELW0SHZmPMmXqLncsxUs5iPKjPF8coN8k:1tA6Um:blSrUV04Sa4_MGfDYCyEQ9V-HaKhIkvxuNnLYJirHDg','2024-11-10 12:22:44.811031');
INSERT INTO django_session VALUES('jyno5t2nptzwu3yqs644j1zapu02cyhy','.eJxVjEEOwiAQRe_C2hCmVKa4dO8ZyDADUjU0Ke3KeHfbpAvd_vfef6tA61LC2tIcRlEXBer0u0XiZ6o7kAfV-6R5qss8Rr0r-qBN3yZJr-vh_h0UamWr0SYEIOMdQgQE0w1ncZT7aJ0fOBELW0SHZmPMmXqLncsxUs5iPKjPF8coN8k:1tA6yK:bY-DPhqaUslW9hH0BnQ8gAUjr__57XM2st8lUdA_kRo','2024-11-10 12:53:16.476370');
INSERT INTO django_session VALUES('vg8se0csu5m00v040uj3rf2jztu8pf1y','.eJxVjEEOwiAQRe_C2hCmVKa4dO8ZyDADUjU0Ke3KeHfbpAvd_vfef6tA61LC2tIcRlEXBer0u0XiZ6o7kAfV-6R5qss8Rr0r-qBN3yZJr-vh_h0UamWr0SYEIOMdQgQE0w1ncZT7aJ0fOBELW0SHZmPMmXqLncsxUs5iPKjPF8coN8k:1tAD0w:RcriLWEZn4TGcF9iAuWnKWihT8tXuy4HZrLfbthCRrs','2024-11-10 19:20:22.715890');
INSERT INTO django_session VALUES('6i6zz45bhh79b5go7v0p8mkmsa4ror24','.eJxVjEEOwiAQRe_C2hCmVKa4dO8ZyDADUjU0Ke3KeHfbpAvd_vfef6tA61LC2tIcRlEXBer0u0XiZ6o7kAfV-6R5qss8Rr0r-qBN3yZJr-vh_h0UamWr0SYEIOMdQgQE0w1ncZT7aJ0fOBELW0SHZmPMmXqLncsxUs5iPKjPF8coN8k:1tAD6Z:StP3BTY4fLtEbMg1zyJTvORLvj2WSGotpSVsOcTz8K0','2024-11-10 19:26:11.271105');
INSERT INTO django_session VALUES('6uyojopjw7dozra42cadladma4i3p6lx','.eJxVjEEOwiAQRe_C2hCmVKa4dO8ZyDADUjU0Ke3KeHfbpAvd_vfef6tA61LC2tIcRlEXBer0u0XiZ6o7kAfV-6R5qss8Rr0r-qBN3yZJr-vh_h0UamWr0SYEIOMdQgQE0w1ncZT7aJ0fOBELW0SHZmPMmXqLncsxUs5iPKjPF8coN8k:1tADxA:chf_e0VyERJeipTiLDqvxZL9By0Jm1uD5R2RBd5BwYk','2024-11-10 20:20:32.063234');
INSERT INTO django_session VALUES('6so34en3cjxviqi9iud99mbintxh2xjm','.eJxVjEEOwiAQRe_C2hAKDFCX7j0DYZhBqoYmpV0Z765NutDtf-_9l4hpW2vcOi9xInEWgzj9bpjyg9sO6J7abZZ5busyodwVedAurzPx83K4fwc19fqt2bIH0GgNDtZlsswZRwZKxmVI7IoHxU570qaEkYqGgMoZDAogsBHvD_kNOBE:1tAapi:MZQm7CSM8PTIC02VZgBJa7UEtveKAo-_7I0pWgeaFwE','2024-11-11 20:46:22.430560');
INSERT INTO django_session VALUES('ub9nzhrnumqkb61q3wi4avdr32tu6sy9','.eJxVjEEOwiAQRe_C2hAKDFCX7j0DYZhBqoYmpV0Z765NutDtf-_9l4hpW2vcOi9xInEWgzj9bpjyg9sO6J7abZZ5busyodwVedAurzPx83K4fwc19fqt2bIH0GgNDtZlsswZRwZKxmVI7IoHxU570qaEkYqGgMoZDAogsBHvD_kNOBE:1tAbJT:opA-Jr9FcUM8W-v0Hi9kcYDBnFL-l8slAbOGiXugGlQ','2024-11-11 21:17:07.006659');
CREATE TABLE IF NOT EXISTS "document_titles" ("id" integer NOT NULL PRIMARY KEY AUTOINCREMENT, "title" varchar(255) NOT NULL);
CREATE TABLE IF NOT EXISTS "equipment_group" ("id" integer NOT NULL PRIMARY KEY AUTOINCREMENT, "name" varchar(90) NOT NULL);
CREATE TABLE IF NOT EXISTS "role_names" ("id" integer NOT NULL PRIMARY KEY AUTOINCREMENT, "role_name" varchar(90) NOT NULL);
INSERT INTO role_names VALUES(1,'VDA');
INSERT INTO role_names VALUES(2,'MET');
INSERT INTO role_names VALUES(3,'PNL');
INSERT INTO role_names VALUES(4,'PNT');
CREATE TABLE IF NOT EXISTS "document_clients" ("id" integer NOT NULL PRIMARY KEY AUTOINCREMENT, "uploaded" bool NOT NULL, "upload_date" datetime NULL, "file" varchar(100) NULL, "user_id" integer NOT NULL REFERENCES "auth_user" ("id") DEFERRABLE INITIALLY DEFERRED, "document_id" bigint NOT NULL REFERENCES "document_titles" ("id") DEFERRABLE INITIALLY DEFERRED);
CREATE TABLE IF NOT EXISTS "equipment" ("id" integer NOT NULL PRIMARY KEY AUTOINCREMENT, "name" varchar(255) NOT NULL, "item_number" varchar(90) NOT NULL, "make" varchar(90) NOT NULL, "model" varchar(90) NOT NULL, "serial_number" varchar(90) NOT NULL, "equipment_group_id" bigint NOT NULL REFERENCES "equipment_group" ("id") DEFERRABLE INITIALLY DEFERRED);
CREATE TABLE IF NOT EXISTS "equipment_user" ("id" integer NOT NULL PRIMARY KEY AUTOINCREMENT, "equipment_id" bigint NOT NULL REFERENCES "equipment" ("id") DEFERRABLE INITIALLY DEFERRED, "user_id" integer NOT NULL REFERENCES "auth_user" ("id") DEFERRABLE INITIALLY DEFERRED);
CREATE TABLE IF NOT EXISTS "equipment_test" ("id" integer NOT NULL PRIMARY KEY AUTOINCREMENT, "calibrate_date" date NULL, "calibrate_freq" integer NULL, "service_date" date NULL, "servcice_freq" integer NULL, "inspection_date" date NULL, "inspection_freq" integer NULL, "test_date" date NULL, "test_freq" integer NULL, "equipmentuser_id" bigint NOT NULL REFERENCES "equipment_user" ("id") DEFERRABLE INITIALLY DEFERRED);
CREATE TABLE IF NOT EXISTS "qualification" ("id" integer NOT NULL PRIMARY KEY AUTOINCREMENT, "qualification_name" varchar(90) NOT NULL, "duration" integer NULL, "role_id" bigint NOT NULL REFERENCES "role_names" ("id") DEFERRABLE INITIALLY DEFERRED);
CREATE TABLE IF NOT EXISTS "staff" ("id" integer NOT NULL PRIMARY KEY AUTOINCREMENT, "first_name" varchar(90) NOT NULL, "last_name" varchar(90) NOT NULL, "staff_id" varchar(45) NOT NULL, "user_id" integer NOT NULL REFERENCES "auth_user" ("id") DEFERRABLE INITIALLY DEFERRED);
INSERT INTO staff VALUES(1,'Staff','One','S001',2);
INSERT INTO staff VALUES(2,'Staff','Two','S002',2);
INSERT INTO staff VALUES(3,'Joe','Bloggs','S003',2);
INSERT INTO staff VALUES(4,'John','Smith','S004',2);
CREATE TABLE IF NOT EXISTS "staff_qualification" ("id" integer NOT NULL PRIMARY KEY AUTOINCREMENT, "qualification_date" date NULL, "qualification_id" bigint NOT NULL REFERENCES "qualification" ("id") DEFERRABLE INITIALLY DEFERRED, "staff_id" bigint NOT NULL REFERENCES "staff" ("id") DEFERRABLE INITIALLY DEFERRED);
CREATE TABLE IF NOT EXISTS "staff_role" ("id" integer NOT NULL PRIMARY KEY AUTOINCREMENT, "role_id" bigint NOT NULL REFERENCES "role_names" ("id") DEFERRABLE INITIALLY DEFERRED, "staff_id" bigint NOT NULL REFERENCES "staff" ("id") DEFERRABLE INITIALLY DEFERRED);
INSERT INTO staff_role VALUES(1,1,1);
INSERT INTO staff_role VALUES(2,2,2);
INSERT INTO staff_role VALUES(3,3,3);
INSERT INTO staff_role VALUES(4,4,4);
CREATE TABLE IF NOT EXISTS "user_profile" ("id" integer NOT NULL PRIMARY KEY AUTOINCREMENT, "business_name" varchar(45) NULL, "address_one" varchar(45) NULL, "address_two" varchar(45) NULL, "town" varchar(45) NULL, "county" varchar(45) NULL, "postcode" varchar(15) NULL, "telephone" varchar(20) NULL, "user_id" integer NOT NULL UNIQUE REFERENCES "auth_user" ("id") DEFERRABLE INITIALLY DEFERRED);
INSERT INTO user_profile VALUES(1,'Test Client','1 Test Street',NULL,'Testtown','Testershire','T3 5T','0123456789',11);
DELETE FROM sqlite_sequence;
INSERT INTO sqlite_sequence VALUES('django_migrations',20);
INSERT INTO sqlite_sequence VALUES('django_admin_log',0);
INSERT INTO sqlite_sequence VALUES('django_content_type',18);
INSERT INTO sqlite_sequence VALUES('auth_permission',72);
INSERT INTO sqlite_sequence VALUES('auth_group',0);
INSERT INTO sqlite_sequence VALUES('auth_user',11);
INSERT INTO sqlite_sequence VALUES('document_titles',11);
INSERT INTO sqlite_sequence VALUES('document_clients',33);
INSERT INTO sqlite_sequence VALUES('staff',22);
INSERT INTO sqlite_sequence VALUES('role_names',4);
INSERT INTO sqlite_sequence VALUES('qualification',21);
INSERT INTO sqlite_sequence VALUES('staff_role',28);
INSERT INTO sqlite_sequence VALUES('staff_qualification',10);
INSERT INTO sqlite_sequence VALUES('equipment_group',10);
INSERT INTO sqlite_sequence VALUES('equipment',36);
INSERT INTO sqlite_sequence VALUES('equipment_user',15);
INSERT INTO sqlite_sequence VALUES('equipment_test',10);
INSERT INTO sqlite_sequence VALUES('user_profile',6);
CREATE UNIQUE INDEX "auth_group_permissions_group_id_permission_id_0cd325b0_uniq" ON "auth_group_permissions" ("group_id", "permission_id");
CREATE INDEX "auth_group_permissions_group_id_b120cbf9" ON "auth_group_permissions" ("group_id");
CREATE INDEX "auth_group_permissions_permission_id_84c5c92e" ON "auth_group_permissions" ("permission_id");
CREATE UNIQUE INDEX "auth_user_groups_user_id_group_id_94350c0c_uniq" ON "auth_user_groups" ("user_id", "group_id");
CREATE INDEX "auth_user_groups_user_id_6a12ed8b" ON "auth_user_groups" ("user_id");
CREATE INDEX "auth_user_groups_group_id_97559544" ON "auth_user_groups" ("group_id");
CREATE UNIQUE INDEX "auth_user_user_permissions_user_id_permission_id_14a6b632_uniq" ON "auth_user_user_permissions" ("user_id", "permission_id");
CREATE INDEX "auth_user_user_permissions_user_id_a95ead1b" ON "auth_user_user_permissions" ("user_id");
CREATE INDEX "auth_user_user_permissions_permission_id_1fbb5f2c" ON "auth_user_user_permissions" ("permission_id");
CREATE INDEX "django_admin_log_content_type_id_c4bce8eb" ON "django_admin_log" ("content_type_id");
CREATE INDEX "django_admin_log_user_id_c564eba6" ON "django_admin_log" ("user_id");
CREATE UNIQUE INDEX "django_content_type_app_label_model_76bd3d3b_uniq" ON "django_content_type" ("app_label", "model");
CREATE UNIQUE INDEX "auth_permission_content_type_id_codename_01ab375a_uniq" ON "auth_permission" ("content_type_id", "codename");
CREATE INDEX "auth_permission_content_type_id_2f476e4b" ON "auth_permission" ("content_type_id");
CREATE INDEX "django_session_expire_date_a5c62663" ON "django_session" ("expire_date");
CREATE INDEX "document_clients_user_id_3589103d" ON "document_clients" ("user_id");
CREATE INDEX "document_clients_document_id_f0ab2088" ON "document_clients" ("document_id");
CREATE INDEX "equipment_equipment_group_id_6eac971d" ON "equipment" ("equipment_group_id");
CREATE INDEX "equipment_user_equipment_id_ba37ba4d" ON "equipment_user" ("equipment_id");
CREATE INDEX "equipment_user_user_id_3a7597cb" ON "equipment_user" ("user_id");
CREATE INDEX "equipment_test_equipmentuser_id_ec13bdca" ON "equipment_test" ("equipmentuser_id");
CREATE INDEX "qualification_role_id_05b03e31" ON "qualification" ("role_id");
CREATE INDEX "staff_user_id_e6242ba6" ON "staff" ("user_id");
CREATE INDEX "staff_qualification_qualification_id_12857a1f" ON "staff_qualification" ("qualification_id");
CREATE INDEX "staff_qualification_staff_id_00caadfc" ON "staff_qualification" ("staff_id");
CREATE INDEX "staff_role_role_id_91d9f528" ON "staff_role" ("role_id");
CREATE INDEX "staff_role_staff_id_9b3e6a1f" ON "staff_role" ("staff_id");
COMMIT;
